{
  "project_info": {
    "project_number": "82632732202",
    "project_id": "playernames-1507c",
    "storage_bucket": "playernames-1507c.firebasestorage.app"
  },
  "client": [
    {
      "client_info": {
        "mobilesdk_app_id": "1:82632732202:android:85aae42b980bfb7d8d5d53",
        "android_client_info": {
          "package_name": "com.example.player_name_app"
        }
      },
      "oauth_client": [],
      "api_key": [
        {
          "current_key": "AIzaSyCrAfbQX7dT8G8cFHK2W1ClyADqhGv6JR4"
        }
      ],
      "services": {
        "appinvite_service": {
          "other_platform_oauth_client": []
        }
      }
    }
  ],
  "configuration_version": "1"
}